,Proyeccion A3500
2025-06-27,1177.878426683002
2025-06-28,1161.322865766466
2025-06-29,1145.0
2025-06-30,1145.4808298502617
2025-07-01,1145.961861619602
2025-07-02,1146.4430953928143
2025-07-03,1146.924531254728
2025-07-04,1147.406169290208
2025-07-05,1147.8880095841548
2025-07-06,1148.3700522215047
2025-07-07,1148.8522972872292
2025-07-08,1149.3347448663362
2025-07-09,1149.8173950438686
2025-07-10,1150.3002479049055
2025-07-11,1150.7833035345616
2025-07-12,1151.266562017987
2025-07-13,1151.7500234403683
2025-07-14,1152.233687886927
2025-07-15,1152.7175554429211
2025-07-16,1153.201626193644
2025-07-17,1153.685900224425
2025-07-18,1154.1703776206293
2025-07-19,1154.655058467658
2025-07-20,1155.1399428509478
2025-07-21,1155.6250308559718
2025-07-22,1156.1103225682384
2025-07-23,1156.595818073292
2025-07-24,1157.0815174567135
2025-07-25,1157.5674208041191
2025-07-26,1158.0535282011608
2025-07-27,1158.5398397335275
2025-07-28,1159.0263554869434
2025-07-29,1159.513075547169
2025-07-30,1160.0
2025-07-31,1160.616086751232
2025-08-01,1161.2325007118475
2025-08-02,1161.8492420556306
2025-08-03,1162.4663109564576
2025-08-04,1163.083707588297
2025-08-05,1163.7014321252095
2025-08-06,1164.319484741349
2025-08-07,1164.9378656109611
2025-08-08,1165.5565749083846
2025-08-09,1166.1756128080503
2025-08-10,1166.7949794844817
2025-08-11,1167.4146751122955
2025-08-12,1168.034699866201
2025-08-13,1168.6550539209998
2025-08-14,1169.2757374515868
2025-08-15,1169.8967506329493
2025-08-16,1170.5180936401682
2025-08-17,1171.1397666484172
2025-08-18,1171.7617698329625
2025-08-19,1172.3841033691642
2025-08-20,1173.006767432475
2025-08-21,1173.629762198441
2025-08-22,1174.253087842701
2025-08-23,1174.876744540988
2025-08-24,1175.5007324691278
2025-08-25,1176.1250518030392
2025-08-26,1176.7497027187353
2025-08-27,1177.3746853923224
2025-08-28,1178.0
2025-08-29,1178.619916751831
2025-08-30,1179.2401597318276
2025-08-31,1179.860729111666
2025-09-01,1180.4816250631122
2025-09-02,1181.1028477580232
2025-09-03,1181.7243973683462
2025-09-04,1182.346274066119
2025-09-05,1182.968478023469
2025-09-06,1183.5910094126157
2025-09-07,1184.2138684058684
2025-09-08,1184.8370551756268
2025-09-09,1185.4605698943822
2025-09-10,1186.0844127347154
2025-09-11,1186.7085838692992
2025-09-12,1187.3330834708972
2025-09-13,1187.957911712363
2025-09-14,1188.5830687666423
2025-09-15,1189.2085548067707
2025-09-16,1189.8343700058754
2025-09-17,1190.4605145371752
2025-09-18,1191.086988573979
2025-09-19,1191.713792289688
2025-09-20,1192.3409258577935
2025-09-21,1192.9683894518794
2025-09-22,1193.5961832456196
2025-09-23,1194.2243074127807
2025-09-24,1194.8527621272199
2025-09-25,1195.4815475628855
2025-09-26,1196.1106638938186
2025-09-27,1196.740111294151
2025-09-28,1197.369889938106
2025-09-29,1198.0
2025-09-30,1198.8773894661608
2025-10-01,1199.7554215135199
2025-10-02,1200.6340966126895
2025-10-03,1201.5134152346275
2025-10-04,1202.3933778506357
2025-10-05,1203.2739849323616
2025-10-06,1204.1552369517983
2025-10-07,1205.037134381284
2025-10-08,1205.9196776935034
2025-10-09,1206.802867361487
2025-10-10,1207.686703858612
2025-10-11,1208.571187658602
2025-10-12,1209.4563192355276
2025-10-13,1210.3420990638072
2025-10-14,1211.2285276182056
2025-10-15,1212.1156053738364
2025-10-16,1213.0033328061604
2025-10-17,1213.8917103909866
2025-10-18,1214.7807386044733
2025-10-19,1215.6704179231263
2025-10-20,1216.5607488238018
2025-10-21,1217.4517317837037
2025-10-22,1218.3433672803865
2025-10-23,1219.2356557917544
2025-10-24,1220.1285977960608
2025-10-25,1221.0221937719105
2025-10-26,1221.9164441982578
2025-10-27,1222.811349554408
2025-10-28,1223.706910320018
2025-10-29,1224.6031269750954
2025-10-30,1225.5
2025-10-31,1226.2965425206285
2025-11-01,1227.0936027727846
2025-11-02,1227.8911810929803
2025-11-03,1228.6892778179458
2025-11-04,1229.4878932846307
2025-11-05,1230.2870278302032
2025-11-06,1231.086681792051
2025-11-07,1231.8868555077806
2025-11-08,1232.6875493152186
2025-11-09,1233.4887635524108
2025-11-10,1234.2904985576224
2025-11-11,1235.0927546693392
2025-11-12,1235.8955322262664
2025-11-13,1236.6988315673295
2025-11-14,1237.5026530316748
2025-11-15,1238.3069969586682
2025-11-16,1239.1118636878964
2025-11-17,1239.9172535591674
2025-11-18,1240.7231669125094
2025-11-19,1241.5296040881724
2025-11-20,1242.3365654266263
2025-11-21,1243.1440512685635
2025-11-22,1243.9520619548973
2025-11-23,1244.7605978267627
2025-11-24,1245.5696592255158
2025-11-25,1246.3792464927355
2025-11-26,1247.1893599702228
2025-11-27,1248.0
2025-11-28,1248.6816967046861
2025-11-29,1249.3637657734726
2025-11-30,1250.046207409756
2025-12-01,1250.7290218170453
2025-12-02,1251.4122091989589
2025-12-03,1252.095769759227
2025-12-04,1252.7797037016924
2025-12-05,1253.4640112303073
2025-12-06,1254.1486925491363
2025-12-07,1254.833747862355
2025-12-08,1255.5191773742517
2025-12-09,1256.2049812892246
2025-12-10,1256.8911598117852
2025-12-11,1257.577713146555
2025-12-12,1258.264641498269
2025-12-13,1258.9519450717726
2025-12-14,1259.6396240720242
2025-12-15,1260.327678704093
2025-12-16,1261.0161091731616
2025-12-17,1261.7049156845233
2025-12-18,1262.3940984435847
2025-12-19,1263.0836576558638
2025-12-20,1263.7735935269911
2025-12-21,1264.46390626271
2025-12-22,1265.154596068875
2025-12-23,1265.8456631514541
2025-12-24,1266.5371077165275
2025-12-25,1267.2289299702882
2025-12-26,1267.9211301190414
2025-12-27,1268.613708369205
2025-12-28,1269.3066649273098
2025-12-29,1270.0
2025-12-30,1270.0
2025-12-31,1270.0
2026-01-01,1270.0
2026-01-02,1270.0
2026-01-03,1270.0
2026-01-04,1270.0
2026-01-05,1270.0
2026-01-06,1270.0
2026-01-07,1270.0
2026-01-08,1270.0
2026-01-09,1270.0
2026-01-10,1270.0
2026-01-11,1270.0
2026-01-12,1270.0
2026-01-13,1270.0
2026-01-14,1270.0
2026-01-15,1270.0
2026-01-16,1270.0
2026-01-17,1270.0
2026-01-18,1270.0
2026-01-19,1270.0
2026-01-20,1270.0
2026-01-21,1270.0
2026-01-22,1270.0
2026-01-23,1270.0
2026-01-24,1270.0
2026-01-25,1270.0
2026-01-26,1270.0
2026-01-27,1270.0
2026-01-28,1270.0
2026-01-29,1270.0
2026-01-30,1270.0
2026-01-31,1270.0
2026-02-01,1270.0
2026-02-02,1270.0
2026-02-03,1270.0
2026-02-04,1270.0
2026-02-05,1270.0
2026-02-06,1270.0
2026-02-07,1270.0
2026-02-08,1270.0
2026-02-09,1270.0
2026-02-10,1270.0
2026-02-11,1270.0
2026-02-12,1270.0
2026-02-13,1270.0
2026-02-14,1270.0
2026-02-15,1270.0
2026-02-16,1270.0
2026-02-17,1270.0
2026-02-18,1270.0
2026-02-19,1270.0
2026-02-20,1270.0
2026-02-21,1270.0
2026-02-22,1270.0
2026-02-23,1270.0
2026-02-24,1270.0
2026-02-25,1270.0
2026-02-26,1270.0
2026-02-27,1270.0
2026-02-28,1270.0
2026-03-01,1270.0
2026-03-02,1270.0
2026-03-03,1270.0
2026-03-04,1270.0
2026-03-05,1270.0
2026-03-06,1270.0
2026-03-07,1270.0
2026-03-08,1270.0
2026-03-09,1270.0
2026-03-10,1270.0
2026-03-11,1270.0
2026-03-12,1270.0
2026-03-13,1270.0
2026-03-14,1270.0
2026-03-15,1270.0
2026-03-16,1270.0
2026-03-17,1270.0
2026-03-18,1270.0
2026-03-19,1270.0
2026-03-20,1270.0
2026-03-21,1270.0
2026-03-22,1270.0
2026-03-23,1270.0
2026-03-24,1270.0
2026-03-25,1270.0
2026-03-26,1270.0
2026-03-27,1270.0
2026-03-28,1270.0
2026-03-29,1270.0
2026-03-30,1270.0
2026-03-31,1270.0
2026-04-01,1270.0
2026-04-02,1270.0
2026-04-03,1270.0
2026-04-04,1270.0
2026-04-05,1270.0
2026-04-06,1270.0
2026-04-07,1270.0
2026-04-08,1270.0
2026-04-09,1270.0
2026-04-10,1270.0
2026-04-11,1270.0
2026-04-12,1270.0
2026-04-13,1270.0
2026-04-14,1270.0
2026-04-15,1270.0
2026-04-16,1270.0
2026-04-17,1270.0
2026-04-18,1270.0
2026-04-19,1270.0
2026-04-20,1270.0
2026-04-21,1270.0
2026-04-22,1270.0
2026-04-23,1270.0
2026-04-24,1270.0
2026-04-25,1270.0
2026-04-26,1270.0
2026-04-27,1270.0
2026-04-28,1270.0
2026-04-29,1270.0
2026-04-30,1270.0
2026-05-01,1270.0
2026-05-02,1270.0
2026-05-03,1270.0
2026-05-04,1270.0
2026-05-05,1270.0
2026-05-06,1270.0
2026-05-07,1270.0
2026-05-08,1270.0
2026-05-09,1270.0
2026-05-10,1270.0
2026-05-11,1270.0
2026-05-12,1270.0
2026-05-13,1270.0
2026-05-14,1270.0
2026-05-15,1270.0
2026-05-16,1270.0
2026-05-17,1270.0
2026-05-18,1270.0
2026-05-19,1270.0
2026-05-20,1270.0
2026-05-21,1270.0
2026-05-22,1270.0
2026-05-23,1270.0
2026-05-24,1270.0
2026-05-25,1270.0
2026-05-26,1270.0
2026-05-27,1270.0
2026-05-28,1270.0
2026-05-29,1270.0
2026-05-30,1270.0
2026-05-31,1270.0
2026-06-01,1270.0
2026-06-02,1270.0
2026-06-03,1270.0
2026-06-04,1270.0
2026-06-05,1270.0
2026-06-06,1270.0
2026-06-07,1270.0
2026-06-08,1270.0
2026-06-09,1270.0
2026-06-10,1270.0
2026-06-11,1270.0
2026-06-12,1270.0
2026-06-13,1270.0
2026-06-14,1270.0
2026-06-15,1270.0
2026-06-16,1270.0
2026-06-17,1270.0
2026-06-18,1270.0
2026-06-19,1270.0
2026-06-20,1270.0
2026-06-21,1270.0
2026-06-22,1270.0
2026-06-23,1270.0
2026-06-24,1270.0
2026-06-25,1270.0
2026-06-26,1270.0
2026-06-27,1270.0
2026-06-28,1270.0
2026-06-29,1270.0
2026-06-30,1270.0
2026-07-01,1270.0
2026-07-02,1270.0
2026-07-03,1270.0
2026-07-04,1270.0
2026-07-05,1270.0
2026-07-06,1270.0
2026-07-07,1270.0
2026-07-08,1270.0
2026-07-09,1270.0
2026-07-10,1270.0
2026-07-11,1270.0
2026-07-12,1270.0
2026-07-13,1270.0
2026-07-14,1270.0
2026-07-15,1270.0
2026-07-16,1270.0
2026-07-17,1270.0
2026-07-18,1270.0
2026-07-19,1270.0
2026-07-20,1270.0
2026-07-21,1270.0
2026-07-22,1270.0
2026-07-23,1270.0
2026-07-24,1270.0
2026-07-25,1270.0
2026-07-26,1270.0
2026-07-27,1270.0
2026-07-28,1270.0
2026-07-29,1270.0
2026-07-30,1270.0
2026-07-31,1270.0
2026-08-01,1270.0
2026-08-02,1270.0
2026-08-03,1270.0
2026-08-04,1270.0
2026-08-05,1270.0
2026-08-06,1270.0
2026-08-07,1270.0
2026-08-08,1270.0
2026-08-09,1270.0
2026-08-10,1270.0
2026-08-11,1270.0
2026-08-12,1270.0
2026-08-13,1270.0
2026-08-14,1270.0
2026-08-15,1270.0
2026-08-16,1270.0
2026-08-17,1270.0
2026-08-18,1270.0
2026-08-19,1270.0
2026-08-20,1270.0
2026-08-21,1270.0
2026-08-22,1270.0
2026-08-23,1270.0
2026-08-24,1270.0
2026-08-25,1270.0
2026-08-26,1270.0
2026-08-27,1270.0
2026-08-28,1270.0
2026-08-29,1270.0
2026-08-30,1270.0
2026-08-31,1270.0
2026-09-01,1270.0
2026-09-02,1270.0
2026-09-03,1270.0
2026-09-04,1270.0
2026-09-05,1270.0
2026-09-06,1270.0
2026-09-07,1270.0
2026-09-08,1270.0
2026-09-09,1270.0
2026-09-10,1270.0
2026-09-11,1270.0
2026-09-12,1270.0
2026-09-13,1270.0
2026-09-14,1270.0
2026-09-15,1270.0
2026-09-16,1270.0
2026-09-17,1270.0
2026-09-18,1270.0
2026-09-19,1270.0
2026-09-20,1270.0
2026-09-21,1270.0
2026-09-22,1270.0
2026-09-23,1270.0
2026-09-24,1270.0
2026-09-25,1270.0
2026-09-26,1270.0
2026-09-27,1270.0
2026-09-28,1270.0
2026-09-29,1270.0
2026-09-30,1270.0
2026-10-01,1270.0
2026-10-02,1270.0
2026-10-03,1270.0
2026-10-04,1270.0
2026-10-05,1270.0
2026-10-06,1270.0
2026-10-07,1270.0
2026-10-08,1270.0
2026-10-09,1270.0
2026-10-10,1270.0
2026-10-11,1270.0
2026-10-12,1270.0
2026-10-13,1270.0
2026-10-14,1270.0
2026-10-15,1270.0
2026-10-16,1270.0
2026-10-17,1270.0
2026-10-18,1270.0
2026-10-19,1270.0
2026-10-20,1270.0
2026-10-21,1270.0
2026-10-22,1270.0
2026-10-23,1270.0
2026-10-24,1270.0
2026-10-25,1270.0
2026-10-26,1270.0
2026-10-27,1270.0
2026-10-28,1270.0
2026-10-29,1270.0
2026-10-30,1270.0
2026-10-31,1270.0
2026-11-01,1270.0
2026-11-02,1270.0
2026-11-03,1270.0
2026-11-04,1270.0
2026-11-05,1270.0
2026-11-06,1270.0
2026-11-07,1270.0
2026-11-08,1270.0
2026-11-09,1270.0
2026-11-10,1270.0
2026-11-11,1270.0
2026-11-12,1270.0
2026-11-13,1270.0
2026-11-14,1270.0
2026-11-15,1270.0
2026-11-16,1270.0
2026-11-17,1270.0
2026-11-18,1270.0
2026-11-19,1270.0
2026-11-20,1270.0
2026-11-21,1270.0
2026-11-22,1270.0
2026-11-23,1270.0
2026-11-24,1270.0
2026-11-25,1270.0
2026-11-26,1270.0
2026-11-27,1270.0
2026-11-28,1270.0
2026-11-29,1270.0
